{"cameraMode":{"drawMode":0,"name":"Shaded","section":"Shading Mode"},"sceneLighting":true,"audioPlay":false,"sceneViewState":{"showFog":true,"showMaterialUpdate":false,"showSkybox":true,"showFlares":true,"showImageEffects":true,"showParticleSystems":true},"in2DMode":false,"pivot":{"x":-6.902531623840332,"y":3.4173920154571535,"z":5.09308385848999},"rotation":{"x":0.4099048674106598,"y":0.013681026175618172,"z":-0.006149242632091045,"w":0.9120096564292908},"size":6.024448394775391,"orthographic":true}