{"cameraMode":{"drawMode":0,"name":"Shaded","section":"Shading Mode"},"sceneLighting":true,"audioPlay":false,"sceneViewState":{"showFog":true,"showMaterialUpdate":false,"showSkybox":true,"showFlares":true,"showImageEffects":true,"showParticleSystems":true},"in2DMode":false,"pivot":{"x":-9.60361099243164,"y":0.47488152980804446,"z":5.12554407119751},"rotation":{"x":0.00006245734402909875,"y":-0.9996468424797058,"z":0.0023974066134542228,"w":0.027292706072330476},"size":2.0383427143096926,"orthographic":true}