{"cameraMode":{"drawMode":0,"name":"Shaded","section":"Shading Mode"},"sceneLighting":true,"audioPlay":false,"sceneViewState":{"showFog":true,"showMaterialUpdate":false,"showSkybox":true,"showFlares":true,"showImageEffects":true,"showParticleSystems":true},"in2DMode":false,"pivot":{"x":-0.1999969780445099,"y":-0.760009765625,"z":1.1183459758758546},"rotation":{"x":0.7134456038475037,"y":-0.0010500018252059818,"z":0.0010710497153922916,"w":0.7007168531417847},"size":29.76007843017578,"orthographic":true}