{"cameraMode":{"drawMode":0,"name":"Shaded","section":"Shading Mode"},"sceneLighting":true,"audioPlay":false,"sceneViewState":{"showFog":true,"showMaterialUpdate":false,"showSkybox":true,"showFlares":true,"showImageEffects":true,"showParticleSystems":true},"in2DMode":false,"pivot":{"x":-9.794647216796875,"y":0.538375735282898,"z":5.126232147216797},"rotation":{"x":-0.00037136994069442153,"y":-0.999546468257904,"z":0.027892710641026498,"w":-0.013199125416576863},"size":4.915899753570557,"orthographic":true}