{"cameraMode":{"drawMode":0,"name":"Shaded","section":"Shading Mode"},"sceneLighting":true,"audioPlay":false,"sceneViewState":{"showFog":true,"showMaterialUpdate":false,"showSkybox":true,"showFlares":true,"showImageEffects":true,"showParticleSystems":true},"in2DMode":false,"pivot":{"x":8.988404273986817,"y":0.5426785945892334,"z":-8.234014511108399},"rotation":{"x":-0.0015339801320806146,"y":-0.9982100129127502,"z":0.029354171827435495,"w":-0.05215773358941078},"size":2.3953752517700197,"orthographic":true}