{"cameraMode":{"drawMode":0,"name":"Shaded","section":"Shading Mode"},"sceneLighting":true,"audioPlay":false,"sceneViewState":{"showFog":true,"showMaterialUpdate":false,"showSkybox":true,"showFlares":true,"showImageEffects":true,"showParticleSystems":true},"in2DMode":false,"pivot":{"x":9.279129028320313,"y":1.2279973030090333,"z":-8.321452140808106},"rotation":{"x":0.7017199397087097,"y":0.01067553460597992,"z":-0.010536899790167809,"w":0.7123241424560547},"size":4.9201273918151859,"orthographic":true}