{"cameraMode":{"drawMode":0,"name":"Shaded","section":"Shading Mode"},"sceneLighting":true,"audioPlay":false,"sceneViewState":{"showFog":true,"showMaterialUpdate":false,"showSkybox":true,"showFlares":true,"showImageEffects":true,"showParticleSystems":true},"in2DMode":false,"pivot":{"x":-0.4212656617164612,"y":-0.8840360045433044,"z":1.488726258277893},"rotation":{"x":0.6910229921340942,"y":0.0010841579642146826,"z":-0.0010366667993366719,"w":0.7228389382362366},"size":28.733192443847658,"orthographic":true}