{"cameraMode":{"drawMode":0,"name":"Shaded","section":"Shading Mode"},"sceneLighting":true,"audioPlay":false,"sceneViewState":{"showFog":true,"showMaterialUpdate":false,"showSkybox":true,"showFlares":true,"showImageEffects":true,"showParticleSystems":true},"in2DMode":false,"pivot":{"x":-8.542025566101075,"y":0.5359874963760376,"z":5.121352672576904},"rotation":{"x":-0.00037136994069442153,"y":-0.999546468257904,"z":0.027892710641026498,"w":-0.013199125416576863},"size":3.4268898963928224,"orthographic":true}