{"cameraMode":{"drawMode":0,"name":"Shaded","section":"Shading Mode"},"sceneLighting":true,"audioPlay":false,"sceneViewState":{"showFog":true,"showMaterialUpdate":false,"showSkybox":true,"showFlares":true,"showImageEffects":true,"showParticleSystems":true},"in2DMode":false,"pivot":{"x":1.03253173828125,"y":-1.0494791269302369,"z":2.4552626609802248},"rotation":{"x":0.727986752986908,"y":-0.004113460425287485,"z":0.004367957357317209,"w":0.6855669021606445},"size":31.268661499023439,"orthographic":true}