{"cameraMode":{"drawMode":0,"name":"Shaded","section":"Shading Mode"},"sceneLighting":true,"audioPlay":false,"sceneViewState":{"showFog":true,"showMaterialUpdate":false,"showSkybox":true,"showFlares":true,"showImageEffects":true,"showParticleSystems":true},"in2DMode":false,"pivot":{"x":9.279129028320313,"y":1.2279973030090333,"z":-8.321452140808106},"rotation":{"x":0.47693994641304018,"y":0.15913893282413484,"z":-0.08827760070562363,"w":0.8599124550819397},"size":3.7934932708740236,"orthographic":true}