{"cameraMode":{"drawMode":0,"name":"Shaded","section":"Shading Mode"},"sceneLighting":true,"audioPlay":false,"sceneViewState":{"showFog":true,"showMaterialUpdate":false,"showSkybox":true,"showFlares":true,"showImageEffects":true,"showParticleSystems":true},"in2DMode":false,"pivot":{"x":-0.7972669005393982,"y":-3.06282901763916,"z":2.2342028617858888},"rotation":{"x":0.29527997970581057,"y":0.6909515261650086,"z":-0.37649044394493105,"w":0.5419418811798096},"size":6.2897515296936039,"orthographic":true}