{"cameraMode":{"drawMode":0,"name":"Shaded","section":"Shading Mode"},"sceneLighting":true,"audioPlay":false,"sceneViewState":{"showFog":true,"showMaterialUpdate":false,"showSkybox":true,"showFlares":true,"showImageEffects":true,"showParticleSystems":true},"in2DMode":false,"pivot":{"x":-2.1054677963256838,"y":-7.391754150390625,"z":1.4132506847381592},"rotation":{"x":0.6811924576759338,"y":0.003294442780315876,"z":-0.0030654098372906448,"w":0.7320924997329712},"size":29.450239181518556,"orthographic":true}