{"cameraMode":{"drawMode":0,"name":"Shaded","section":"Shading Mode"},"sceneLighting":true,"audioPlay":false,"sceneViewState":{"showFog":true,"showMaterialUpdate":false,"showSkybox":true,"showFlares":true,"showImageEffects":true,"showParticleSystems":true},"in2DMode":false,"pivot":{"x":7.495203971862793,"y":-1.13753342628479,"z":-0.22557827830314637},"rotation":{"x":0.16356192529201508,"y":0.03402800112962723,"z":-0.00564495800063014,"w":0.9859309196472168},"size":4.654592037200928,"orthographic":true}